path,bbox_x_min,bbox_y_min,bbox_x_max,bbox_y_max,yaw,pitch,roll
/Users/Pessa001/Desktop/Horse Project/pain_horses/dataset/pose/aug_data_alpha_0.5_final_0/0.png,85,86,397,769,7.111654048844576,-18.45207510404328,-20.155055567638808
/Users/Pessa001/Desktop/Horse Project/pain_horses/dataset/pose/aug_data_alpha_0.5_final_0/1.png,73,72,782,752,-36.86198181613968,-16.637362641702442,71.26606537302828
/Users/Pessa001/Desktop/Horse Project/pain_horses/dataset/pose/aug_data_alpha_0.5_final_0/2.png,79,79,656,775,-39.5404695431857,-3.923461368544568,-12.344208025960695
/Users/Pessa001/Desktop/Horse Project/pain_horses/dataset/pose/aug_data_alpha_0.5_final_0/3.png,78,78,609,776,-39.40688686940404,-17.25148994872303,-5.778957321750371
/Users/Pessa001/Desktop/Horse Project/pain_horses/dataset/pose/aug_data_alpha_0.5_final_0/4.png,66,66,789,712,15.807269792561055,-57.77757038741561,11.493418451683391
/Users/Pessa001/Desktop/Horse Project/pain_horses/dataset/pose/aug_data_alpha_0.5_final_0/5.png,88,87,768,762,-12.193642534556705,54.521812005380994,83.8767260914058
/Users/Pessa001/Desktop/Horse Project/pain_horses/dataset/pose/aug_data_alpha_0.5_final_0/6.png,62,62,793,528,-42.25290781265004,82.14992360652914,5.366929314581088
/Users/Pessa001/Desktop/Horse Project/pain_horses/dataset/pose/aug_data_alpha_0.5_final_0/7.png,74,75,743,780,-56.79837888272722,-3.923461368544568,-21.995355617719234
/Users/Pessa001/Desktop/Horse Project/pain_horses/dataset/pose/aug_data_alpha_0.5_final_0/8.png,81,81,560,774,11.869899859587841,-26.724525840185105,23.247489797005137
/Users/Pessa001/Desktop/Horse Project/pain_horses/dataset/pose/aug_data_alpha_0.5_final_0/9.png,78,78,526,777,41.007952956115396,-14.395516778863067,35.13521057228897
/Users/Pessa001/Desktop/Horse Project/pain_horses/dataset/pose/aug_data_alpha_0.5_final_0/10.png,57,57,798,527,-45.455098751619495,16.962377866304926,-59.809795159531205
/Users/Pessa001/Desktop/Horse Project/pain_horses/dataset/pose/aug_data_alpha_0.5_final_0/11.png,74,73,556,781,-49.762804742147715,12.48645179600335,-6.991762643268572
/Users/Pessa001/Desktop/Horse Project/pain_horses/dataset/pose/aug_data_alpha_0.5_final_0/12.png,79,79,531,776,-10.44524541390103,-18.128860661120576,40.8572698349969
/Users/Pessa001/Desktop/Horse Project/pain_horses/dataset/pose/aug_data_alpha_0.5_final_0/13.png,76,76,487,779,-53.383429757173865,41.19119291357296,-10.226322736454746
/Users/Pessa001/Desktop/Horse Project/pain_horses/dataset/pose/aug_data_alpha_0.5_final_0/14.png,64,64,791,563,-7.8698459317071885,-37.11241479646738,-43.873329018589125
/Users/Pessa001/Desktop/Horse Project/pain_horses/dataset/pose/aug_data_alpha_0.5_final_0/15.png,80,80,569,775,64.08766336710892,27.411160426160013,28.044751589360356
/Users/Pessa001/Desktop/Horse Project/pain_horses/dataset/pose/aug_data_alpha_0.5_final_0/16.png,71,71,519,783,57.89788793956285,-20.05020463543729,-8.66251487411792
/Users/Pessa001/Desktop/Horse Project/pain_horses/dataset/pose/aug_data_alpha_0.5_final_0/17.png,74,73,625,781,66.62615201026942,-23.56636002480888,-7.606656277433846
/Users/Pessa001/Desktop/Horse Project/pain_horses/dataset/pose/aug_data_alpha_0.5_final_0/18.png,74,74,612,781,-13.66058709424831,18.638727137969628,42.75558949796667
/Users/Pessa001/Desktop/Horse Project/pain_horses/dataset/pose/aug_data_alpha_0.5_final_0/19.png,75,75,537,780,-50.65067782177223,39.11221653245789,-1.2245502235430727
/Users/Pessa001/Desktop/Horse Project/pain_horses/dataset/pose/aug_data_alpha_0.5_final_0/20.png,57,57,798,566,66.78232303717067,81.99849442912583,15.016203137234783
/Users/Pessa001/Desktop/Horse Project/pain_horses/dataset/pose/aug_data_alpha_0.5_final_0/21.png,67,68,787,720,-70.1349059720493,-2.756580762285228,-29.263915195205758
/Users/Pessa001/Desktop/Horse Project/pain_horses/dataset/pose/aug_data_alpha_0.5_final_0/22.png,77,78,672,777,89.01107285304107,-7.042582312628845,-3.066094271442355
/Users/Pessa001/Desktop/Horse Project/pain_horses/dataset/pose/aug_data_alpha_0.5_final_0/23.png,81,80,547,774,14.411751964712202,-18.45207510404328,38.90950034349669
/Users/Pessa001/Desktop/Horse Project/pain_horses/dataset/pose/aug_data_alpha_0.5_final_0/24.png,51,50,804,528,53.91029054257291,16.054621452694736,-48.42369071666259
/Users/Pessa001/Desktop/Horse Project/pain_horses/dataset/pose/aug_data_alpha_0.5_final_0/25.png,72,72,505,783,54.474322407915174,-19.787809299709597,5.383409194561728
/Users/Pessa001/Desktop/Horse Project/pain_horses/dataset/pose/aug_data_alpha_0.5_final_0/26.png,47,47,807,513,-61.34853326284685,-19.787809299709597,-43.873329018589125
/Users/Pessa001/Desktop/Horse Project/pain_horses/dataset/pose/aug_data_alpha_0.5_final_0/27.png,48,48,806,410,12.612165042600996,82.14992360652914,27.19709267272361
/Users/Pessa001/Desktop/Horse Project/pain_horses/dataset/pose/aug_data_alpha_0.5_final_0/28.png,84,84,573,770,25.663977865171027,16.66892112057198,-8.088328030423469
/Users/Pessa001/Desktop/Horse Project/pain_horses/dataset/pose/aug_data_alpha_0.5_final_0/29.png,74,74,741,780,86.22358035291448,-16.637362641702442,8.551630906493848
/Users/Pessa001/Desktop/Horse Project/pain_horses/dataset/pose/aug_data_alpha_0.5_final_0/30.png,80,81,465,775,-12.420920709697587,-21.730243934372904,34.61780182834409
/Users/Pessa001/Desktop/Horse Project/pain_horses/dataset/pose/aug_data_alpha_0.5_final_0/31.png,76,76,410,779,-24.21958119777154,12.48645179600335,14.315169405087442
/Users/Pessa001/Desktop/Horse Project/pain_horses/dataset/pose/aug_data_alpha_0.5_final_0/32.png,76,76,666,779,-63.208633255256515,39.11221653245789,35.1714754514475
/Users/Pessa001/Desktop/Horse Project/pain_horses/dataset/pose/aug_data_alpha_0.5_final_0/33.png,79,79,698,777,-62.780448781702866,21.1296066821487,28.044751589360356
/Users/Pessa001/Desktop/Horse Project/pain_horses/dataset/pose/aug_data_alpha_0.5_final_0/34.png,81,82,559,773,-60.27020292501629,-13.240353876606841,35.8092694467221
/Users/Pessa001/Desktop/Horse Project/pain_horses/dataset/pose/aug_data_alpha_0.5_final_0/35.png,78,78,362,777,-14.513388265823002,14.032501921884265,-6.5951791015284
/Users/Pessa001/Desktop/Horse Project/pain_horses/dataset/pose/aug_data_alpha_0.5_final_0/36.png,50,50,804,398,5.911082597067354,74.03672464016172,-17.225459509356426
/Users/Pessa001/Desktop/Horse Project/pain_horses/dataset/pose/aug_data_alpha_0.5_final_0/37.png,86,86,705,768,0.3149977650077575,38.99446814820979,-31.80853282310937
/Users/Pessa001/Desktop/Horse Project/pain_horses/dataset/pose/aug_data_alpha_0.5_final_0/38.png,65,65,790,612,16.839912825653453,45.08741144647717,-12.344208025960695
/Users/Pessa001/Desktop/Horse Project/pain_horses/dataset/pose/aug_data_alpha_0.5_final_0/39.png,53,54,801,504,51.20960578900785,71.82906999056496,12.126785385249194
/Users/Pessa001/Desktop/Horse Project/pain_horses/dataset/pose/aug_data_alpha_0.5_final_0/40.png,75,75,780,721,-49.94598661700236,33.9573563260495,-48.30761463050972
/Users/Pessa001/Desktop/Horse Project/pain_horses/dataset/pose/aug_data_alpha_0.5_final_0/41.png,80,80,482,775,15.412311038444201,-12.72232191733195,30.637327403039357
/Users/Pessa001/Desktop/Horse Project/pain_horses/dataset/pose/aug_data_alpha_0.5_final_0/42.png,82,83,501,772,-12.598624971963893,30.813123882967705,-17.225459509356426
/Users/Pessa001/Desktop/Horse Project/pain_horses/dataset/pose/aug_data_alpha_0.5_final_0/43.png,59,59,796,507,11.632473808711127,-37.468450488468555,-71.18121305296982
/Users/Pessa001/Desktop/Horse Project/pain_horses/dataset/pose/aug_data_alpha_0.5_final_0/44.png,76,76,484,779,-25.540250327334938,-4.899927206214504,27.240819657672418
/Users/Pessa001/Desktop/Horse Project/pain_horses/dataset/pose/aug_data_alpha_0.5_final_0/45.png,72,71,589,783,-65.47624437579123,25.60404763718762,7.714247886916217
/Users/Pessa001/Desktop/Horse Project/pain_horses/dataset/pose/aug_data_alpha_0.5_final_0/46.png,57,58,797,627,89.49862910794687,23.86985128888459,-7.606656277433846
/Users/Pessa001/Desktop/Horse Project/pain_horses/dataset/pose/aug_data_alpha_0.5_final_0/47.png,50,50,804,503,15.398745834534168,-11.647495638686458,69.41395289427143
/Users/Pessa001/Desktop/Horse Project/pain_horses/dataset/pose/aug_data_alpha_0.5_final_0/48.png,74,74,569,781,-60.05260642356295,17.30789557730528,14.274363769676842
/Users/Pessa001/Desktop/Horse Project/pain_horses/dataset/pose/aug_data_alpha_0.5_final_0/49.png,77,76,606,778,68.25972242412368,-2.9456796205305125,23.031554280470285
/Users/Pessa001/Desktop/Horse Project/pain_horses/dataset/pose/aug_data_alpha_0.5_final_0/50.png,74,75,637,781,-11.484315307411794,36.534466118315464,9.53042108494784
/Users/Pessa001/Desktop/Horse Project/pain_horses/dataset/pose/aug_data_alpha_0.5_final_0/51.png,77,77,379,778,-7.27427956348533,12.974134764729344,-5.281465520059135
/Users/Pessa001/Desktop/Horse Project/pain_horses/dataset/pose/aug_data_alpha_0.5_final_0/52.png,86,86,491,768,-13.548843338480829,13.334451683791082,-43.40640555732648
/Users/Pessa001/Desktop/Horse Project/pain_horses/dataset/pose/aug_data_alpha_0.5_final_0/53.png,79,79,618,777,43.42186164736847,39.11221653245789,31.17064822634351
/Users/Pessa001/Desktop/Horse Project/pain_horses/dataset/pose/aug_data_alpha_0.5_final_0/54.png,81,80,649,775,-59.42945753757567,20.190277905006504,26.085442571721465
/Users/Pessa001/Desktop/Horse Project/pain_horses/dataset/pose/aug_data_alpha_0.5_final_0/55.png,79,79,556,776,10.862190503491474,-22.241975046005656,30.637327403039357
/Users/Pessa001/Desktop/Horse Project/pain_horses/dataset/pose/aug_data_alpha_0.5_final_0/56.png,79,78,614,776,-73.69340285604305,-25.250098644723863,32.089332893144274
/Users/Pessa001/Desktop/Horse Project/pain_horses/dataset/pose/aug_data_alpha_0.5_final_0/57.png,83,83,417,771,-8.594652137083502,19.27491234511895,-12.94982484325867
/Users/Pessa001/Desktop/Horse Project/pain_horses/dataset/pose/aug_data_alpha_0.5_final_0/58.png,75,75,567,780,66.7094149605638,-7.191223886615383,35.76598109646414
/Users/Pessa001/Desktop/Horse Project/pain_horses/dataset/pose/aug_data_alpha_0.5_final_0/59.png,72,73,572,783,-26.8959724376178,-16.637362641702442,42.75558949796667
/Users/Pessa001/Desktop/Horse Project/pain_horses/dataset/pose/aug_data_alpha_0.5_final_0/60.png,57,56,798,597,-63.648349251802,-6.356253930701462,-48.42369071666259
/Users/Pessa001/Desktop/Horse Project/pain_horses/dataset/pose/aug_data_alpha_0.5_final_0/61.png,74,73,782,780,-8.941601267053807,-42.17378178849487,7.597387243923132
/Users/Pessa001/Desktop/Horse Project/pain_horses/dataset/pose/aug_data_alpha_0.5_final_0/62.png,75,74,572,780,-51.69780150859181,4.873563158565212,26.719454065716345
/Users/Pessa001/Desktop/Horse Project/pain_horses/dataset/pose/aug_data_alpha_0.5_final_0/63.png,58,58,797,580,67.2880541913561,-52.1253712749097,35.13521057228897
/Users/Pessa001/Desktop/Horse Project/pain_horses/dataset/pose/aug_data_alpha_0.5_final_0/64.png,76,76,738,780,49.49485250318052,-1.1136847187217782,-22.79878029829793
/Users/Pessa001/Desktop/Horse Project/pain_horses/dataset/pose/aug_data_alpha_0.5_final_0/65.png,75,75,780,761,12.387558007992604,-28.524869487878853,47.93165763004642
/Users/Pessa001/Desktop/Horse Project/pain_horses/dataset/pose/aug_data_alpha_0.5_final_0/66.png,63,64,792,686,-59.95174251926414,-20.05020463543729,-18.763687817786007
/Users/Pessa001/Desktop/Horse Project/pain_horses/dataset/pose/aug_data_alpha_0.5_final_0/67.png,80,81,637,775,-53.85809345480662,-6.334671104057656,80.78181804140819
/Users/Pessa001/Desktop/Horse Project/pain_horses/dataset/pose/aug_data_alpha_0.5_final_0/68.png,76,76,451,779,-32.033456818070135,4.873563158565212,-7.606656277433846
/Users/Pessa001/Desktop/Horse Project/pain_horses/dataset/pose/aug_data_alpha_0.5_final_0/69.png,76,76,508,780,13.939446873334099,-25.06522325704143,14.475523125516286
/Users/Pessa001/Desktop/Horse Project/pain_horses/dataset/pose/aug_data_alpha_0.5_final_0/70.png,77,76,637,778,16.559451514785778,-9.204895238825895,52.67896266935264
/Users/Pessa001/Desktop/Horse Project/pain_horses/dataset/pose/aug_data_alpha_0.5_final_0/71.png,63,63,791,689,7.421131884312112,-54.04590193382613,6.687348733196931
/Users/Pessa001/Desktop/Horse Project/pain_horses/dataset/pose/aug_data_alpha_0.5_final_0/72.png,85,85,436,769,-14.241530246235659,-22.373846297797733,-75.0653834753731
/Users/Pessa001/Desktop/Horse Project/pain_horses/dataset/pose/aug_data_alpha_0.5_final_0/73.png,71,71,601,784,55.36909938393609,2.1884486924185045,-8.746462323967013
/Users/Pessa001/Desktop/Horse Project/pain_horses/dataset/pose/aug_data_alpha_0.5_final_0/74.png,78,78,465,776,-30.921863820682344,31.74979462190847,-11.77725669253433
/Users/Pessa001/Desktop/Horse Project/pain_horses/dataset/pose/aug_data_alpha_0.5_final_0/75.png,79,79,558,776,63.01917993138558,6.655039006016261,14.274363769676842
/Users/Pessa001/Desktop/Horse Project/pain_horses/dataset/pose/aug_data_alpha_0.5_final_0/76.png,78,78,741,776,-89.0945032988718,-26.724525840185105,-6.054885010085566
/Users/Pessa001/Desktop/Horse Project/pain_horses/dataset/pose/aug_data_alpha_0.5_final_0/77.png,77,77,622,778,31.394686541014806,16.054621452694736,46.02267821210675
/Users/Pessa001/Desktop/Horse Project/pain_horses/dataset/pose/aug_data_alpha_0.5_final_0/78.png,82,82,432,773,-21.726169413796605,-23.56636002480888,34.67855449255166
/Users/Pessa001/Desktop/Horse Project/pain_horses/dataset/pose/aug_data_alpha_0.5_final_0/79.png,81,81,739,774,-7.70070352990275,46.60892886691431,-5.281465520059135
/Users/Pessa001/Desktop/Horse Project/pain_horses/dataset/pose/aug_data_alpha_0.5_final_0/80.png,49,49,806,293,-16.34862052562814,-75.0180063358935,-12.207049409534516
/Users/Pessa001/Desktop/Horse Project/pain_horses/dataset/pose/aug_data_alpha_0.5_final_0/81.png,74,73,781,696,-65.92014156455087,-66.66423416399209,33.04517785826633
/Users/Pessa001/Desktop/Horse Project/pain_horses/dataset/pose/aug_data_alpha_0.5_final_0/82.png,48,49,806,443,-39.52658153797349,-52.1253712749097,-20.155055567638808
/Users/Pessa001/Desktop/Horse Project/pain_horses/dataset/pose/aug_data_alpha_0.5_final_0/83.png,75,75,779,770,-60.80448644553066,19.59279348232409,74.19575221166119
/Users/Pessa001/Desktop/Horse Project/pain_horses/dataset/pose/aug_data_alpha_0.5_final_0/84.png,59,59,796,608,-64.00519526874005,45.08741144647717,46.02267821210675
/Users/Pessa001/Desktop/Horse Project/pain_horses/dataset/pose/aug_data_alpha_0.5_final_0/85.png,81,80,504,774,56.1756617215596,12.768076920297615,25.103770232372547
/Users/Pessa001/Desktop/Horse Project/pain_horses/dataset/pose/aug_data_alpha_0.5_final_0/86.png,75,76,397,779,3.504179889256127,-7.191223886615383,22.274163647627542
/Users/Pessa001/Desktop/Horse Project/pain_horses/dataset/pose/aug_data_alpha_0.5_final_0/87.png,80,81,772,774,-57.33965633310924,39.11221653245789,-53.0284551040014
/Users/Pessa001/Desktop/Horse Project/pain_horses/dataset/pose/aug_data_alpha_0.5_final_0/88.png,80,80,775,736,7.208595782639703,40.28941814418844,71.26606537302828
/Users/Pessa001/Desktop/Horse Project/pain_horses/dataset/pose/aug_data_alpha_0.5_final_0/89.png,79,79,571,775,-36.37725896178563,-15.204037190674606,30.637327403039357
/Users/Pessa001/Desktop/Horse Project/pain_horses/dataset/pose/aug_data_alpha_0.5_final_0/90.png,81,81,774,721,-56.72130932643442,71.82906999056496,-5.2877121200627695
/Users/Pessa001/Desktop/Horse Project/pain_horses/dataset/pose/aug_data_alpha_0.5_final_0/91.png,82,82,660,773,-59.24725519210282,27.305531252517586,26.085442571721465
/Users/Pessa001/Desktop/Horse Project/pain_horses/dataset/pose/aug_data_alpha_0.5_final_0/92.png,83,83,772,767,-13.468549075557387,-20.28544162419895,-59.809795159531205
/Users/Pessa001/Desktop/Horse Project/pain_horses/dataset/pose/aug_data_alpha_0.5_final_0/93.png,69,69,786,722,-46.8452402535855,20.190277905006504,50.786060148738386
/Users/Pessa001/Desktop/Horse Project/pain_horses/dataset/pose/aug_data_alpha_0.5_final_0/94.png,78,78,481,778,30.383546333580757,-14.79728688864116,26.719454065716345
/Users/Pessa001/Desktop/Horse Project/pain_horses/dataset/pose/aug_data_alpha_0.5_final_0/95.png,73,73,608,782,-5.323922014763273,25.60404763718762,33.04517785826633
/Users/Pessa001/Desktop/Horse Project/pain_horses/dataset/pose/aug_data_alpha_0.5_final_0/96.png,79,79,725,776,-63.44822310631471,27.578106752873964,81.84295453760319
/Users/Pessa001/Desktop/Horse Project/pain_horses/dataset/pose/aug_data_alpha_0.5_final_0/97.png,81,82,648,773,-67.10684161364414,-25.42510907045418,46.02267821210675
/Users/Pessa001/Desktop/Horse Project/pain_horses/dataset/pose/aug_data_alpha_0.5_final_0/98.png,91,91,435,764,-5.848506521987336,-4.899927206214504,-31.61900816071032
/Users/Pessa001/Desktop/Horse Project/pain_horses/dataset/pose/aug_data_alpha_0.5_final_0/99.png,72,73,409,783,-29.906372481475973,14.032501921884265,-1.2848137984100898
/Users/Pessa001/Desktop/Horse Project/pain_horses/dataset/pose/aug_data_alpha_0.5_final_0/100.png,82,81,605,773,49.57298215153664,-6.334671104057656,74.47404186390648
/Users/Pessa001/Desktop/Horse Project/pain_horses/dataset/pose/aug_data_alpha_0.5_final_0/101.png,78,79,431,777,18.463031959828772,-25.64460363536951,-10.504848859741157
/Users/Pessa001/Desktop/Horse Project/pain_horses/dataset/pose/aug_data_alpha_0.5_final_0/102.png,53,53,801,467,-41.268093854592664,-77.50234212592578,31.17064822634351
/Users/Pessa001/Desktop/Horse Project/pain_horses/dataset/pose/aug_data_alpha_0.5_final_0/103.png,73,74,523,781,12.392003573387848,17.888645136455846,7.714247886916217
/Users/Pessa001/Desktop/Horse Project/pain_horses/dataset/pose/aug_data_alpha_0.5_final_0/104.png,74,74,636,781,-36.20142218606796,36.053188343077544,15.016203137234783
/Users/Pessa001/Desktop/Horse Project/pain_horses/dataset/pose/aug_data_alpha_0.5_final_0/105.png,86,85,646,769,-8.003974016508732,40.28941814418844,-17.86177139669249
/Users/Pessa001/Desktop/Horse Project/pain_horses/dataset/pose/aug_data_alpha_0.5_final_0/106.png,82,81,448,774,2.728883369048264,-18.37674544945656,-8.06117892873961
/Users/Pessa001/Desktop/Horse Project/pain_horses/dataset/pose/aug_data_alpha_0.5_final_0/107.png,80,80,591,776,-50.2744476872058,-26.891327990584152,34.67855449255166
/Users/Pessa001/Desktop/Horse Project/pain_horses/dataset/pose/aug_data_alpha_0.5_final_0/108.png,70,70,784,755,-88.21174392128268,22.231303071692405,77.82916027583256
/Users/Pessa001/Desktop/Horse Project/pain_horses/dataset/pose/aug_data_alpha_0.5_final_0/109.png,71,72,426,784,-22.95045294465639,19.635770941245845,8.031373920828297
/Users/Pessa001/Desktop/Horse Project/pain_horses/dataset/pose/aug_data_alpha_0.5_final_0/110.png,73,73,498,783,8.557889191180168,12.441441054650927,38.90950034349669
/Users/Pessa001/Desktop/Horse Project/pain_horses/dataset/pose/aug_data_alpha_0.5_final_0/111.png,78,78,660,777,75.69988077483818,25.6554760983217,35.13521057228897
/Users/Pessa001/Desktop/Horse Project/pain_horses/dataset/pose/aug_data_alpha_0.5_final_0/112.png,52,51,803,560,-62.95698129182608,19.59279348232409,-60.3892582423453
/Users/Pessa001/Desktop/Horse Project/pain_horses/dataset/pose/aug_data_alpha_0.5_final_0/113.png,79,79,615,776,20.4622231676154,-10.097253864248477,52.67896266935264
/Users/Pessa001/Desktop/Horse Project/pain_horses/dataset/pose/aug_data_alpha_0.5_final_0/114.png,67,67,788,669,-27.516791565728827,36.534466118315464,43.96182873167647
/Users/Pessa001/Desktop/Horse Project/pain_horses/dataset/pose/aug_data_alpha_0.5_final_0/115.png,85,85,693,769,-6.9267916063165735,-25.277563189674197,-36.584467594782595
/Users/Pessa001/Desktop/Horse Project/pain_horses/dataset/pose/aug_data_alpha_0.5_final_0/116.png,52,53,802,564,54.891839601485394,-14.04783452084483,-76.10084742276021
/Users/Pessa001/Desktop/Horse Project/pain_horses/dataset/pose/aug_data_alpha_0.5_final_0/117.png,56,56,799,561,45.87254604159505,-18.596789224323086,59.47611876522817
/Users/Pessa001/Desktop/Horse Project/pain_horses/dataset/pose/aug_data_alpha_0.5_final_0/118.png,102,102,683,754,15.059359947687373,78.11385093773053,-57.52982598269707
/Users/Pessa001/Desktop/Horse Project/pain_horses/dataset/pose/aug_data_alpha_0.5_final_0/119.png,75,75,498,780,44.0394266499537,-5.311513221538258,16.826593857686078
/Users/Pessa001/Desktop/Horse Project/pain_horses/dataset/pose/aug_data_alpha_0.5_final_0/120.png,80,81,552,774,78.1794750183422,27.46003779138975,38.306313069221225
/Users/Pessa001/Desktop/Horse Project/pain_horses/dataset/pose/aug_data_alpha_0.5_final_0/121.png,80,81,551,774,-10.043268204810785,-22.14428572528082,-6.138259271816686
/Users/Pessa001/Desktop/Horse Project/pain_horses/dataset/pose/aug_data_alpha_0.5_final_0/122.png,75,74,502,780,8.926920163438751,-23.15673682297779,8.551630906493848
/Users/Pessa001/Desktop/Horse Project/pain_horses/dataset/pose/aug_data_alpha_0.5_final_0/123.png,75,75,780,747,-86.09718992072479,3.023299093899805,-17.86177139669249
/Users/Pessa001/Desktop/Horse Project/pain_horses/dataset/pose/aug_data_alpha_0.5_final_0/124.png,77,76,778,718,-48.6527284890507,42.228558077360844,30.637327403039357
/Users/Pessa001/Desktop/Horse Project/pain_horses/dataset/pose/aug_data_alpha_0.5_final_0/125.png,77,77,550,778,-13.355889583194596,2.4223238888499306,65.90162229975068
/Users/Pessa001/Desktop/Horse Project/pain_horses/dataset/pose/aug_data_alpha_0.5_final_0/126.png,70,70,785,650,19.141072887325254,-43.94795630483296,60.12148009442095
/Users/Pessa001/Desktop/Horse Project/pain_horses/dataset/pose/aug_data_alpha_0.5_final_0/127.png,73,73,572,782,-15.21285089665769,31.74979462190847,15.016203137234783
/Users/Pessa001/Desktop/Horse Project/pain_horses/dataset/pose/aug_data_alpha_0.5_final_0/128.png,76,77,654,779,-12.966360065649477,35.63490216802362,21.913375607660512
/Users/Pessa001/Desktop/Horse Project/pain_horses/dataset/pose/aug_data_alpha_0.5_final_0/129.png,95,95,578,761,-11.39738008398297,58.26955939880672,-43.777468897494195
/Users/Pessa001/Desktop/Horse Project/pain_horses/dataset/pose/aug_data_alpha_0.5_final_0/130.png,87,88,480,767,-6.377176234499341,10.332421561757059,-72.73159048785318
/Users/Pessa001/Desktop/Horse Project/pain_horses/dataset/pose/aug_data_alpha_0.5_final_0/131.png,44,44,810,446,-6.795424407019236,-0.4511120171708809,60.12148009442095
/Users/Pessa001/Desktop/Horse Project/pain_horses/dataset/pose/aug_data_alpha_0.5_final_0/132.png,72,72,553,783,62.04309665947733,-5.311513221538258,52.67896266935264
/Users/Pessa001/Desktop/Horse Project/pain_horses/dataset/pose/aug_data_alpha_0.5_final_0/133.png,78,77,734,777,60.11796054826065,-47.50131469643506,27.19709267272361
/Users/Pessa001/Desktop/Horse Project/pain_horses/dataset/pose/aug_data_alpha_0.5_final_0/134.png,74,75,634,780,-15.221642589785075,31.74979462190847,21.913375607660512
/Users/Pessa001/Desktop/Horse Project/pain_horses/dataset/pose/aug_data_alpha_0.5_final_0/135.png,76,75,508,779,-42.97966556764449,12.48645179600335,12.938115806199194
/Users/Pessa001/Desktop/Horse Project/pain_horses/dataset/pose/aug_data_alpha_0.5_final_0/136.png,74,74,608,782,-61.080744222298236,-4.018711379634882,35.8092694467221
/Users/Pessa001/Desktop/Horse Project/pain_horses/dataset/pose/aug_data_alpha_0.5_final_0/137.png,92,93,745,763,-10.29425315201165,58.39338601753201,-29.807327815662042
/Users/Pessa001/Desktop/Horse Project/pain_horses/dataset/pose/aug_data_alpha_0.5_final_0/138.png,73,73,399,782,-17.727048147530823,-12.04861678536125,9.53042108494784
/Users/Pessa001/Desktop/Horse Project/pain_horses/dataset/pose/aug_data_alpha_0.5_final_0/139.png,57,57,798,596,20.350371232365838,-43.94795630483296,50.69546751791845
/Users/Pessa001/Desktop/Horse Project/pain_horses/dataset/pose/aug_data_alpha_0.5_final_0/140.png,79,80,675,775,66.17125519686323,30.76846914145698,26.719454065716345
/Users/Pessa001/Desktop/Horse Project/pain_horses/dataset/pose/aug_data_alpha_0.5_final_0/141.png,75,76,769,779,63.65690313260206,-23.760850327645976,78.2638721012946
/Users/Pessa001/Desktop/Horse Project/pain_horses/dataset/pose/aug_data_alpha_0.5_final_0/142.png,78,78,687,778,49.64679771486201,12.794006396935213,-11.77725669253433
/Users/Pessa001/Desktop/Horse Project/pain_horses/dataset/pose/aug_data_alpha_0.5_final_0/143.png,47,46,809,422,6.405205102021826,-77.67880411089668,-3.066094271442355
/Users/Pessa001/Desktop/Horse Project/pain_horses/dataset/pose/aug_data_alpha_0.5_final_0/144.png,76,77,627,779,-65.32405521243973,33.574478650360305,-1.2848137984100898
/Users/Pessa001/Desktop/Horse Project/pain_horses/dataset/pose/aug_data_alpha_0.5_final_0/145.png,55,55,800,440,56.2556696080399,12.794006396935213,-43.40640555732648
/Users/Pessa001/Desktop/Horse Project/pain_horses/dataset/pose/aug_data_alpha_0.5_final_0/146.png,81,81,574,773,11.963278646427906,24.041385745076646,-7.445123935984602
/Users/Pessa001/Desktop/Horse Project/pain_horses/dataset/pose/aug_data_alpha_0.5_final_0/147.png,75,75,476,780,-47.79352154825582,25.29473016345513,9.380640224935018
/Users/Pessa001/Desktop/Horse Project/pain_horses/dataset/pose/aug_data_alpha_0.5_final_0/148.png,82,81,612,773,63.19835046069831,20.812032324630398,28.044751589360356
/Users/Pessa001/Desktop/Horse Project/pain_horses/dataset/pose/aug_data_alpha_0.5_final_0/149.png,77,77,406,779,37.28542958004707,-15.204037190674606,-5.2877121200627695
/Users/Pessa001/Desktop/Horse Project/pain_horses/dataset/pose/aug_data_alpha_0.5_final_0/150.png,70,70,785,644,-6.2985229013120385,-52.040455020826705,-5.572013766584721
/Users/Pessa001/Desktop/Horse Project/pain_horses/dataset/pose/aug_data_alpha_0.5_final_0/151.png,72,73,599,783,-55.196537004587015,-14.79728688864116,46.02267821210675
/Users/Pessa001/Desktop/Horse Project/pain_horses/dataset/pose/aug_data_alpha_0.5_final_0/152.png,77,77,488,779,-30.32779070422376,-12.124849391844005,-1.2245502235430727
/Users/Pessa001/Desktop/Horse Project/pain_horses/dataset/pose/aug_data_alpha_0.5_final_0/153.png,78,79,488,777,-44.10382500938926,-3.23664216265388,11.767348563277366
/Users/Pessa001/Desktop/Horse Project/pain_horses/dataset/pose/aug_data_alpha_0.5_final_0/154.png,80,80,741,774,-67.11568670808362,35.17290357600499,25.103770232372547
/Users/Pessa001/Desktop/Horse Project/pain_horses/dataset/pose/aug_data_alpha_0.5_final_0/155.png,81,81,573,774,-36.444060736686176,-10.097253864248477,80.78181804140819
/Users/Pessa001/Desktop/Horse Project/pain_horses/dataset/pose/aug_data_alpha_0.5_final_0/156.png,73,73,496,782,59.5295003707553,-21.794455326591006,-6.5951791015284
/Users/Pessa001/Desktop/Horse Project/pain_horses/dataset/pose/aug_data_alpha_0.5_final_0/157.png,73,73,537,781,-86.94303669111574,45.08741144647717,7.714247886916217
/Users/Pessa001/Desktop/Horse Project/pain_horses/dataset/pose/aug_data_alpha_0.5_final_0/158.png,68,67,787,708,-12.744538668670064,41.19119291357296,47.93165763004642
/Users/Pessa001/Desktop/Horse Project/pain_horses/dataset/pose/aug_data_alpha_0.5_final_0/159.png,72,73,370,782,7.419038748946797,-8.579556607705811,12.938115806199194
/Users/Pessa001/Desktop/Horse Project/pain_horses/dataset/pose/aug_data_alpha_0.5_final_0/160.png,72,72,778,783,71.48481466565501,-20.28544162419895,83.8767260914058
/Users/Pessa001/Desktop/Horse Project/pain_horses/dataset/pose/aug_data_alpha_0.5_final_0/161.png,81,81,524,773,62.45595699192412,-28.524869487878853,12.938115806199194
/Users/Pessa001/Desktop/Horse Project/pain_horses/dataset/pose/aug_data_alpha_0.5_final_0/162.png,71,71,679,783,-45.019638716292754,-26.891327990584152,11.767348563277366
/Users/Pessa001/Desktop/Horse Project/pain_horses/dataset/pose/aug_data_alpha_0.5_final_0/163.png,86,87,404,768,6.096308090107727,-7.280231829640341,-75.0653834753731
/Users/Pessa001/Desktop/Horse Project/pain_horses/dataset/pose/aug_data_alpha_0.5_final_0/164.png,80,80,605,774,63.659348153678536,-35.84951025625573,-9.54255596873951
/Users/Pessa001/Desktop/Horse Project/pain_horses/dataset/pose/aug_data_alpha_0.5_final_0/165.png,74,74,588,781,-64.92914699413875,10.332421561757059,40.8572698349969
/Users/Pessa001/Desktop/Horse Project/pain_horses/dataset/pose/aug_data_alpha_0.5_final_0/166.png,87,88,470,767,-6.270664617245894,27.411160426160013,-31.80853282310937
/Users/Pessa001/Desktop/Horse Project/pain_horses/dataset/pose/aug_data_alpha_0.5_final_0/167.png,74,74,727,780,-66.83987521766866,24.49553020630598,80.78181804140819
/Users/Pessa001/Desktop/Horse Project/pain_horses/dataset/pose/aug_data_alpha_0.5_final_0/168.png,84,84,767,771,26.435116200080866,-4.770701439625584,-71.18121305296982
/Users/Pessa001/Desktop/Horse Project/pain_horses/dataset/pose/aug_data_alpha_0.5_final_0/169.png,75,76,607,779,41.438259881952746,-14.740632718530653,80.78181804140819
/Users/Pessa001/Desktop/Horse Project/pain_horses/dataset/pose/aug_data_alpha_0.5_final_0/170.png,72,73,757,782,78.34759599852148,-14.04783452084483,65.9652066700288
/Users/Pessa001/Desktop/Horse Project/pain_horses/dataset/pose/aug_data_alpha_0.5_final_0/171.png,83,83,771,757,-20.371980012870946,25.6554760983217,-53.0284551040014
/Users/Pessa001/Desktop/Horse Project/pain_horses/dataset/pose/aug_data_alpha_0.5_final_0/172.png,63,63,791,515,25.83942604460292,-77.67880411089668,43.60906823726403
/Users/Pessa001/Desktop/Horse Project/pain_horses/dataset/pose/aug_data_alpha_0.5_final_0/173.png,53,53,802,569,-35.79560710391881,41.4546559871779,50.786060148738386
/Users/Pessa001/Desktop/Horse Project/pain_horses/dataset/pose/aug_data_alpha_0.5_final_0/174.png,79,80,615,775,21.53952549503435,-22.373846297797733,36.64718459184997
/Users/Pessa001/Desktop/Horse Project/pain_horses/dataset/pose/aug_data_alpha_0.5_final_0/175.png,80,79,593,775,65.13671633141247,17.888645136455846,34.61780182834409
/Users/Pessa001/Desktop/Horse Project/pain_horses/dataset/pose/aug_data_alpha_0.5_final_0/176.png,89,88,528,767,-20.479901147281083,-26.91150979947549,-72.73159048785318
/Users/Pessa001/Desktop/Horse Project/pain_horses/dataset/pose/aug_data_alpha_0.5_final_0/177.png,74,75,520,780,-31.739960985713708,39.11221653245789,-4.578519594556307
/Users/Pessa001/Desktop/Horse Project/pain_horses/dataset/pose/aug_data_alpha_0.5_final_0/178.png,78,77,440,777,19.564216678653533,-2.9456796205305125,29.483888135444573
/Users/Pessa001/Desktop/Horse Project/pain_horses/dataset/pose/aug_data_alpha_0.5_final_0/179.png,75,74,485,781,15.285768569639668,16.66892112057198,35.13521057228897
/Users/Pessa001/Desktop/Horse Project/pain_horses/dataset/pose/aug_data_alpha_0.5_final_0/180.png,75,75,718,779,-53.31917922017291,-18.128860661120576,-8.140217730675298
/Users/Pessa001/Desktop/Horse Project/pain_horses/dataset/pose/aug_data_alpha_0.5_final_0/181.png,75,75,575,780,-37.392335582888435,-23.56636002480888,26.719454065716345
/Users/Pessa001/Desktop/Horse Project/pain_horses/dataset/pose/aug_data_alpha_0.5_final_0/182.png,77,77,574,778,27.969843553555368,-18.596789224323086,34.67855449255166
/Users/Pessa001/Desktop/Horse Project/pain_horses/dataset/pose/aug_data_alpha_0.5_final_0/183.png,76,76,653,780,61.203633724555345,10.731101373805853,5.383409194561728
/Users/Pessa001/Desktop/Horse Project/pain_horses/dataset/pose/aug_data_alpha_0.5_final_0/184.png,75,75,578,780,-61.933848011840546,-14.04783452084483,34.61780182834409
/Users/Pessa001/Desktop/Horse Project/pain_horses/dataset/pose/aug_data_alpha_0.5_final_0/185.png,78,79,609,777,58.12998475990157,20.258219584192247,80.78181804140819
/Users/Pessa001/Desktop/Horse Project/pain_horses/dataset/pose/aug_data_alpha_0.5_final_0/186.png,66,66,789,678,85.31389130601148,73.51660655219304,7.597387243923132
/Users/Pessa001/Desktop/Horse Project/pain_horses/dataset/pose/aug_data_alpha_0.5_final_0/187.png,76,77,443,778,9.096303256632844,-20.28544162419895,-3.066094271442355
/Users/Pessa001/Desktop/Horse Project/pain_horses/dataset/pose/aug_data_alpha_0.5_final_0/188.png,83,83,772,744,-25.02492868823382,-7.042582312628845,-36.584467594782595
/Users/Pessa001/Desktop/Horse Project/pain_horses/dataset/pose/aug_data_alpha_0.5_final_0/189.png,88,87,767,764,-29.18601347352711,25.14240734232764,-49.74044446883658
/Users/Pessa001/Desktop/Horse Project/pain_horses/dataset/pose/aug_data_alpha_0.5_final_0/190.png,76,75,779,774,-10.51967224417011,12.974134764729344,-57.52982598269707
/Users/Pessa001/Desktop/Horse Project/pain_horses/dataset/pose/aug_data_alpha_0.5_final_0/191.png,77,77,540,779,62.92133725396082,-6.375493666737412,23.031554280470285
/Users/Pessa001/Desktop/Horse Project/pain_horses/dataset/pose/aug_data_alpha_0.5_final_0/192.png,69,69,786,742,-88.7837042661047,20.812032324630398,14.274363769676842
/Users/Pessa001/Desktop/Horse Project/pain_horses/dataset/pose/aug_data_alpha_0.5_final_0/193.png,67,67,788,645,-65.99478517748793,-54.04590193382613,83.74293198078064
/Users/Pessa001/Desktop/Horse Project/pain_horses/dataset/pose/aug_data_alpha_0.5_final_0/194.png,82,82,774,741,23.937889190390436,-65.12126819196854,-18.763687817786007
/Users/Pessa001/Desktop/Horse Project/pain_horses/dataset/pose/aug_data_alpha_0.5_final_0/195.png,82,82,618,774,15.064346620441466,26.159342496833062,-7.076311058656644
/Users/Pessa001/Desktop/Horse Project/pain_horses/dataset/pose/aug_data_alpha_0.5_final_0/196.png,79,79,724,776,5.9156675812928325,-9.799589031838785,50.283564999588805
/Users/Pessa001/Desktop/Horse Project/pain_horses/dataset/pose/aug_data_alpha_0.5_final_0/197.png,78,78,666,776,-27.66596327985586,12.441441054650927,50.786060148738386
/Users/Pessa001/Desktop/Horse Project/pain_horses/dataset/pose/aug_data_alpha_0.5_final_0/198.png,73,73,782,730,-59.12391883673047,-44.66076622989016,71.26606537302828
/Users/Pessa001/Desktop/Horse Project/pain_horses/dataset/pose/aug_data_alpha_0.5_final_0/199.png,77,77,519,778,15.094459442938366,18.638727137969628,-10.226322736454746
/Users/Pessa001/Desktop/Horse Project/pain_horses/dataset/pose/aug_data_alpha_0.5_final_0/200.png,89,88,541,766,-5.590907351910179,33.574478650360305,-33.80715910101753
/Users/Pessa001/Desktop/Horse Project/pain_horses/dataset/pose/aug_data_alpha_0.5_final_0/201.png,74,74,540,781,13.858102640558268,-27.78613602517268,9.380640224935018
/Users/Pessa001/Desktop/Horse Project/pain_horses/dataset/pose/aug_data_alpha_0.5_final_0/202.png,67,67,787,701,62.688245420804535,-47.50131469643506,50.69546751791845
/Users/Pessa001/Desktop/Horse Project/pain_horses/dataset/pose/aug_data_alpha_0.5_final_0/203.png,76,76,698,779,59.41566574665659,-11.647495638686458,42.75558949796667
/Users/Pessa001/Desktop/Horse Project/pain_horses/dataset/pose/aug_data_alpha_0.5_final_0/204.png,74,74,491,780,-31.7200735539068,-7.280231829640341,-5.2877121200627695
/Users/Pessa001/Desktop/Horse Project/pain_horses/dataset/pose/aug_data_alpha_0.5_final_0/205.png,87,87,552,769,-5.660102829779912,-20.28544162419895,-22.79878029829793
/Users/Pessa001/Desktop/Horse Project/pain_horses/dataset/pose/aug_data_alpha_0.5_final_0/206.png,78,78,776,761,-65.85488965534341,-5.428099727235215,-71.18121305296982
/Users/Pessa001/Desktop/Horse Project/pain_horses/dataset/pose/aug_data_alpha_0.5_final_0/207.png,66,65,789,674,22.154833505527403,-22.241975046005656,52.67896266935264
/Users/Pessa001/Desktop/Horse Project/pain_horses/dataset/pose/aug_data_alpha_0.5_final_0/208.png,79,79,775,729,63.26453267014905,-77.50234212592578,-5.281465520059135
/Users/Pessa001/Desktop/Horse Project/pain_horses/dataset/pose/aug_data_alpha_0.5_final_0/209.png,72,73,780,782,-60.75274684809674,-6.334671104057656,-15.244150479340425
/Users/Pessa001/Desktop/Horse Project/pain_horses/dataset/pose/aug_data_alpha_0.5_final_0/210.png,59,59,796,607,65.99648519564285,57.92732495923583,-11.77725669253433
/Users/Pessa001/Desktop/Horse Project/pain_horses/dataset/pose/aug_data_alpha_0.5_final_0/211.png,53,53,801,362,16.559152069922394,81.99849442912583,-23.642433017268463
/Users/Pessa001/Desktop/Horse Project/pain_horses/dataset/pose/aug_data_alpha_0.5_final_0/212.png,78,78,622,777,49.18326440865673,27.578106752873964,24.253715483069126
/Users/Pessa001/Desktop/Horse Project/pain_horses/dataset/pose/aug_data_alpha_0.5_final_0/213.png,79,80,587,775,57.48058970325782,1.6575749673953757,23.247489797005137
/Users/Pessa001/Desktop/Horse Project/pain_horses/dataset/pose/aug_data_alpha_0.5_final_0/214.png,78,79,517,776,-12.147688096216363,-9.526019970003436,38.306313069221225
/Users/Pessa001/Desktop/Horse Project/pain_horses/dataset/pose/aug_data_alpha_0.5_final_0/215.png,75,76,523,779,61.75348140288855,16.07683098490753,69.41395289427143
/Users/Pessa001/Desktop/Horse Project/pain_horses/dataset/pose/aug_data_alpha_0.5_final_0/216.png,78,77,434,778,1.5501465031603878,-12.04861678536125,22.274163647627542
/Users/Pessa001/Desktop/Horse Project/pain_horses/dataset/pose/aug_data_alpha_0.5_final_0/217.png,73,72,598,782,42.83298747436339,-9.204895238825895,47.93165763004642
/Users/Pessa001/Desktop/Horse Project/pain_horses/dataset/pose/aug_data_alpha_0.5_final_0/218.png,77,77,386,778,-23.201639612794494,14.032501921884265,-6.5951791015284
/Users/Pessa001/Desktop/Horse Project/pain_horses/dataset/pose/aug_data_alpha_0.5_final_0/219.png,73,73,521,782,-13.730549125462032,27.305531252517586,7.597387243923132
/Users/Pessa001/Desktop/Horse Project/pain_horses/dataset/pose/aug_data_alpha_0.5_final_0/220.png,73,73,750,782,-41.245702624368136,13.894077331086352,59.47611876522817
/Users/Pessa001/Desktop/Horse Project/pain_horses/dataset/pose/aug_data_alpha_0.5_final_0/221.png,74,74,542,780,-13.946288010647162,-23.56636002480888,16.826593857686078
/Users/Pessa001/Desktop/Horse Project/pain_horses/dataset/pose/aug_data_alpha_0.5_final_0/222.png,75,75,697,780,-42.934947649283586,-4.770701439625584,43.290233477589325
/Users/Pessa001/Desktop/Horse Project/pain_horses/dataset/pose/aug_data_alpha_0.5_final_0/223.png,64,65,790,631,-59.05460300129516,58.39338601753201,29.483888135444573
/Users/Pessa001/Desktop/Horse Project/pain_horses/dataset/pose/aug_data_alpha_0.5_final_0/224.png,79,79,379,776,20.01574032370571,-7.943645350733,14.475523125516286
/Users/Pessa001/Desktop/Horse Project/pain_horses/dataset/pose/aug_data_alpha_0.5_final_0/225.png,81,81,586,774,69.27786311767981,30.76846914145698,40.8572698349969
/Users/Pessa001/Desktop/Horse Project/pain_horses/dataset/pose/aug_data_alpha_0.5_final_0/226.png,75,75,414,779,29.73897875177055,-3.923461368544568,-3.066094271442355
/Users/Pessa001/Desktop/Horse Project/pain_horses/dataset/pose/aug_data_alpha_0.5_final_0/227.png,73,73,783,742,-28.23906770971019,23.837355293776014,48.729740000249755
/Users/Pessa001/Desktop/Horse Project/pain_horses/dataset/pose/aug_data_alpha_0.5_final_0/228.png,84,84,592,770,-9.079372663683477,39.11221653245789,-17.86177139669249
/Users/Pessa001/Desktop/Horse Project/pain_horses/dataset/pose/aug_data_alpha_0.5_final_0/229.png,85,85,561,770,-15.210443249173014,39.327838397122974,-18.763687817786007
/Users/Pessa001/Desktop/Horse Project/pain_horses/dataset/pose/aug_data_alpha_0.5_final_0/230.png,79,79,775,730,14.6120051167598,6.121618579551152,-60.3892582423453
/Users/Pessa001/Desktop/Horse Project/pain_horses/dataset/pose/aug_data_alpha_0.5_final_0/231.png,79,80,409,776,12.820504574592402,-20.05020463543729,-12.501171782195634
/Users/Pessa001/Desktop/Horse Project/pain_horses/dataset/pose/aug_data_alpha_0.5_final_0/232.png,86,87,525,768,-14.789962760179005,-5.81726495641885,-29.807327815662042
/Users/Pessa001/Desktop/Horse Project/pain_horses/dataset/pose/aug_data_alpha_0.5_final_0/233.png,78,78,589,777,-9.010721054504073,-25.06522325704143,-5.572013766584721
/Users/Pessa001/Desktop/Horse Project/pain_horses/dataset/pose/aug_data_alpha_0.5_final_0/234.png,74,75,590,780,42.66886713944209,17.30789557730528,30.637327403039357
/Users/Pessa001/Desktop/Horse Project/pain_horses/dataset/pose/aug_data_alpha_0.5_final_0/235.png,76,76,511,779,51.372341409875865,-13.99312390307919,7.714247886916217
/Users/Pessa001/Desktop/Horse Project/pain_horses/dataset/pose/aug_data_alpha_0.5_final_0/236.png,80,79,569,775,-14.34477034121094,-21.58099860352996,-7.04088546107373
/Users/Pessa001/Desktop/Horse Project/pain_horses/dataset/pose/aug_data_alpha_0.5_final_0/237.png,59,60,795,604,-5.549498593366434,-21.730243934372904,59.47611876522817
/Users/Pessa001/Desktop/Horse Project/pain_horses/dataset/pose/aug_data_alpha_0.5_final_0/238.png,77,77,426,778,-18.79720591239641,12.441441054650927,18.292401034035848
/Users/Pessa001/Desktop/Horse Project/pain_horses/dataset/pose/aug_data_alpha_0.5_final_0/239.png,72,72,783,710,58.98807641918908,-65.12126819196854,73.6551091034259
/Users/Pessa001/Desktop/Horse Project/pain_horses/dataset/pose/aug_data_alpha_0.5_final_0/240.png,78,78,546,778,-20.78509307451108,28.73474794093343,12.938115806199194
/Users/Pessa001/Desktop/Horse Project/pain_horses/dataset/pose/aug_data_alpha_0.5_final_0/241.png,86,86,675,769,28.700939145320234,56.84410468732035,48.729740000249755
/Users/Pessa001/Desktop/Horse Project/pain_horses/dataset/pose/aug_data_alpha_0.5_final_0/242.png,80,79,775,673,12.463017775802392,42.228558077360844,-20.155055567638808
/Users/Pessa001/Desktop/Horse Project/pain_horses/dataset/pose/aug_data_alpha_0.5_final_0/243.png,87,87,719,767,10.758153840908943,22.231303071692405,-33.71850039028961
/Users/Pessa001/Desktop/Horse Project/pain_horses/dataset/pose/aug_data_alpha_0.5_final_0/244.png,72,73,488,782,-47.812789000878865,30.76846914145698,-8.390829848677505
/Users/Pessa001/Desktop/Horse Project/pain_horses/dataset/pose/aug_data_alpha_0.5_final_0/245.png,49,50,805,448,-51.32903719068772,-25.277563189674197,-29.807327815662042
